{"Linear Regression":{"MSE":38.4847030814,"RMSE":6.2036040397},"Decision Tree":{"MSE":90.3872645288,"RMSE":9.507221704},"Random Forest":{"MSE":38.5194124476,"RMSE":6.2064009255},"XGBoost":{"MSE":57.7912657657,"RMSE":7.60205668}}