{"Linear Regression":{"MSE":20.35105933,"RMSE":4.5112148397},"Decision Tree":{"MSE":55.9943838555,"RMSE":7.4829395197},"Random Forest":{"MSE":24.0391639695,"RMSE":4.9029750121},"XGBoost":{"MSE":27.8181345274,"RMSE":5.2742899548}}