{"Linear Regression":{"MSE":1.2068450512,"RMSE":1.0985649963},"Decision Tree":{"MSE":6.0155771256,"RMSE":2.4526673491},"Random Forest":{"MSE":2.5543184897,"RMSE":1.5982235418},"XGBoost":{"MSE":2.5651183275,"RMSE":1.6015986787}}