{"Linear Regression":{"MSE":46.2711664616,"RMSE":6.8022912656},"Decision Tree":{"MSE":815.8873654492,"RMSE":28.5637421472},"Random Forest":{"MSE":682.4720518462,"RMSE":26.1241660507},"XGBoost":{"MSE":796.4438317538,"RMSE":28.2213364629}}