{"Linear Regression":{"MSE":0.3464032989,"RMSE":0.5885603613},"Decision Tree":{"MSE":0.7967879838,"RMSE":0.8926298134},"Random Forest":{"MSE":0.5469904875,"RMSE":0.7395880525},"XGBoost":{"MSE":0.5266844231,"RMSE":0.7257302688}}