{"Linear Regression":{"MSE":0.0813467987,"RMSE":0.2852136019},"Decision Tree":{"MSE":2.4560848044,"RMSE":1.5671900984},"Random Forest":{"MSE":2.3702291942,"RMSE":1.5395548689},"XGBoost":{"MSE":2.724155615,"RMSE":1.6505016253}}